index,url,valid,domain,title,description,image,published,archive,content,quote,language,keyword
https://www.bbc.com/news/articles/ced5pyjzej3o,https://www.bbc.com/news/articles/ced5pyjzej3o,0,www.bbc.com,'State of calamity' as earthquake kills 69 in Philippines province,The earthquake comes barely more than a week after the country was hit by back-to-back typhoons.,https://ichef.bbci.co.uk/news/1024/branded_news/5ac2/live/0f27a350-9e9f-11f0-9f70-63cdd409bfce.jpg,2025-10-01T09:19:59Z,,"Jonathan HeadSouth East Asia correspondent and
At least 69 people have been killed and dozens injured after a powerful 6.9 magnitude earthquake struck the central Philippines late on Tuesday.
The p… [+3600 chars]",,en,'typhoon'
https://www.cbsnews.com/news/hospitals-flood-risk-trump-climate/,https://www.cbsnews.com/news/hospitals-flood-risk-trump-climate/,0,www.cbsnews.com,These hospitals face major flood risk. Experts say Trump is making it worse.,"Hospitals across the U.S. are at risk of significant flooding, and climate experts warn that the Trump administration's cuts leave the nation less prepared.",https://assets3.cbsnewsstatic.com/hub/i/r/2025/09/25/d000be6a-c607-42f0-a471-0f6251ea250f/thumbnail/1200x630/43c3f260f187712944bd2c10c05683fe/hospital-flood-risk10.jpg,2025-10-01T10:00:18Z,,"LOUISVILLE, Tenn. — When a big storm hits, Peninsula Hospital could be underwater.
At this decades-old psychiatric hospital on the edge of the Tennessee River, an intense storm could submerge the bu… [+23631 chars]",,en,'hurricane climate change'
https://www.independent.ie/weather/storm-amy-met-eireann-issues-status-yellow-wind-alert-for-ireland-and-rain-warning-for-14-counties/a1172978844.html,https://www.independent.ie/weather/storm-amy-met-eireann-issues-status-yellow-wind-alert-for-ireland-and-rain-warning-for-14-counties/a1172978844.html,0,www.independent.ie,Storm Amy: Met Éireann issues Status Yellow wind alert for Ireland and rain warning for 14 counties,Met Éireann has named the first storm of the season and issued a Status Yellow wind warning along with a Status Yellow rain warning for 14 counties as the country also braces for the “wet and very windy” arrival of Hurricane Humberto.,https://focus.independent.ie/thumbor/KYkCXoJHGfPZCAo_cOI9dTLbWoQ=/0x0:1279x853/629x0/prod-mh-ireland/093bf13b-7a05-4dff-b1d1-65cc4d842fdd/56ef6c43-0e55-4a7d-a1c3-777d50826040/093bf13b-7a05-4dff-b1d1-65cc4d842fdd.jpg,2025-10-01T10:36:00Z,,Met Éireann has named the first storm of the season and issued a Status Yellow wind warning along with a Status Yellow rain warning for 14 counties as the country also braces for the wet and very win… [+2103 chars],,en,'hurricane alert'
https://www.cbsnews.com/news/hurricane-imelda-humberto-maps-forecast-path-dangerous-surf-rip-currents-east-coast/,https://www.cbsnews.com/news/hurricane-imelda-humberto-maps-forecast-path-dangerous-surf-rip-currents-east-coast/,0,www.cbsnews.com,"Hurricanes Imelda, Humberto likely to bring dangerous conditions to East Coast","Hurricane Imelda is eyeing Bermuda and Hurricane Humberto has already passed it but, says the Miami-based National Hurricane Center, both are likely to bring dangerous conditions to much of the U.S. East Coast.",https://assets2.cbsnewsstatic.com/hub/i/r/2025/10/01/9a24b5d5-8f2a-41db-b460-f3cb903f2b80/thumbnail/1200x630/d079b737c3e622b98fc152c0ce82ff5d/imedla-cones-5a-100125.png,2025-10-01T10:37:48Z,,"Hurricane Imelda is eyeing Bermuda and Hurricane Humberto has already passed it but, the National Hurricane Center said early Wednesday, both are likely to bring dangerous conditions behind them to a… [+1816 chars]",,en,'hurricane warning'
https://www.palmbeachpost.com/story/weather/hurricane/2025/10/02/national-hurricane-center-tracking-storm-disturbances-florida-hurricane-imelda/86460148007/,https://www.palmbeachpost.com/story/weather/hurricane/2025/10/02/national-hurricane-center-tracking-storm-disturbances-florida-hurricane-imelda/86460148007/,0,www.palmbeachpost.com,"National Hurricane Center tracking 2 new disturbances, including one that could impact Florida","An area of low pressure may form near the northwestern Bahamas and southern Florida by Saturday, Oct. 4.",https://media.zenfs.com/en/palm_beach_post_natl_articles_437/a89cde49494f7fb493783c5edf29b6a1,2025-10-02T10:45:28Z,,"As Hurricane Imelda speeds away from Bermuda, the National Hurricane Center is now tracking two new disturbances, including one that could impact Florida.
Imelda moved over Bermuda Wednesday night, … [+8413 chars]",,en,'tropical cyclone'
https://www.thejournal.ie/heres-what-you-need-to-know-as-storm-amy-sweeps-in-6833283-Oct2025/,https://www.thejournal.ie/heres-what-you-need-to-know-as-storm-amy-sweeps-in-6833283-Oct2025/,0,www.thejournal.ie,Storm Amy: Everything you need to know as the first named storm of the season sweeps in,"While flooding was the main concern yesterday, strong winds threaten to damage power lines today.",https://img2.thejournal.ie/article/6833283/river/?height=400&version=6833285,2025-10-02T23:05:49Z,,"THE FIRST NAMED storm of the season, Storm Amy, makes landfall today with Met Éireann warning of fallen trees, power cuts and dangerous travelling conditions.
Ahead of its arrival, Ireland was subje… [+5209 chars]",,en,'hurricane alert'
https://www.insurancejournal.com/news/international/2025/10/03/842365.htm,https://www.insurancejournal.com/news/international/2025/10/03/842365.htm,0,www.insurancejournal.com,"Typhoon Matmo Strengthens as It Hits Philippines, on Track to China","Typhoon Matmo intensified as it made landfall in northern Philippines on Friday where it’s forecast to dump heavy rain, with the nation still reeling from the impact of two deadly typhoons in the past two weeks. Matmo, locally named Paolo, …",https://www.insurancejournal.com/app/uploads/2025/10/typhoon-matmo-heads-toward-philippines-bloomberg.jpg,2025-10-03T10:31:07Z,,"Typhoon Matmo intensified as it made landfall in northern Philippines on Friday where it’s forecast to dump heavy rain, with the nation still reeling from the impact of two deadly typhoons in the pas… [+2159 chars]",,en,'typhoon'
https://www.bostonherald.com/2025/10/03/louisiana-evacuation-plans-struggle/,https://www.bostonherald.com/2025/10/03/louisiana-evacuation-plans-struggle/,0,www.bostonherald.com,"20 years after Katrina, Louisiana still struggles with evacuation plans that minimize health risks",Laura eventually became one of the strongest hurricanes to make landfall in the U.S.,https://www.bostonherald.com/wp-content/uploads/2025/10/202510020400MCT_____PHOTO____US-NEWS-LOUISIANA-EVACUATION-PLANS-6-MCT-1.jpg?w=1024&h=683,2025-10-03T16:26:41Z,,"By Halle Parker, Verite News, KFF Health News
In late August 2020, Ashlee Guidry and her staff kept a wary eye on guidance from local officials as Hurricane Laura passed over Cuba en route to southw… [+13267 chars]",,en,'hurricane evacuation'
https://www.yahoo.com/news/articles/likely-tropical-storm-atlantic-eastern-163751771.html,https://www.yahoo.com/news/articles/likely-tropical-storm-atlantic-eastern-163751771.html,0,www.yahoo.com,"Likely tropical storm in the Atlantic, eastern Pacific hurricanes highlight a new week in the tropics","After a brief respite, the Atlantic is about to heat back up, with a new tropical storm expected to form soon. Meanwhile, the Eastern Pacific is still active...",https://media.zenfs.com/en/accuweather_articles_339/91c49a94048fb2e91ed244e58b68bcec,2025-10-05T16:37:51Z,,"The leaves may be turning and the temperature may be falling in parts of the U.S., but the tropics are far from done for the season. AccuWeather hurricane experts are warning that a tropical storm ma… [+5193 chars]",,en,'hurricane'
https://gizmodo.com/zombie-fires-and-historic-hurricanes-the-8-wildest-weather-events-of-summer-2025-2000667518,https://gizmodo.com/zombie-fires-and-historic-hurricanes-the-8-wildest-weather-events-of-summer-2025-2000667518,0,gizmodo.com,Zombie Fires and Historic Hurricanes: The 8 Wildest Weather Events of Summer 2025,A surge in zombie fires. Back-to-back black rainstorms. This summer’s weather was something else.,https://gizmodo.com/app/uploads/2025/10/canada-wildfire-1200x675.jpg,2025-10-08T11:00:50Z,,"This year has produced some really wild weather. And when I say wild, I mean truly unexpected, record-breaking, extreme events that defied our understanding of Earths climate system.
To be fair to t… [+8065 chars]",,en,'tropical cyclone'
https://www.usatoday.com/story/news/weather/2025/10/09/what-la-nina-means-for-weather-forecast/86587224007/,https://www.usatoday.com/story/news/weather/2025/10/09/what-la-nina-means-for-weather-forecast/86587224007/,0,www.usatoday.com,"La Niña has arrived, forecasters say. What does this mean for our weather?","This La Niña could impact the tail end of the 2025 hurricane season, and also have an effect on fall and winter weather in the U.S.",https://s.yimg.com/ny/api/res/1.2/oRVX6.n_qIOONqswnd1GDA--/YXBwaWQ9aGlnaGxhbmRlcjt3PTEyMDA7aD04MDA7Y2Y9d2VicA--/https://media.zenfs.com/en/usa_today_news_641/801f142d7240f0db165cc4814828adae,2025-10-09T13:01:32Z,,"La Niña has officially arrived, federal forecasters from the Climate Prediction Center announced Thursday Oct. 9.
""La Niña conditions emerged in September 2025, as indicated by the expansion of belo… [+3472 chars]",,en,'hurricane'
https://www.bostonherald.com/2025/10/09/at-least-170-us-hospitals-face-major-flood-risk-experts-say-trump-is-making-it-worse/,https://www.bostonherald.com/2025/10/09/at-least-170-us-hospitals-face-major-flood-risk-experts-say-trump-is-making-it-worse/,0,www.bostonherald.com,At least 170 US hospitals face major flood risk. Experts say Trump is making it worse,"Nearly 30,000 patient beds face the risk of significant or dangerous flooding.",https://www.bostonherald.com/wp-content/uploads/2025/10/202510080400MCT_____PHOTO____US-NEWS-HEALTH-HOSPITALS-FLOOD-RISK-1-KHN.jpg?w=1024&h=682,2025-10-09T16:55:14Z,,"By Holly K. Hacker, Brett Kelman, Daniel Chang, Hannah Norman Lydia Zuraw, KFF Health News
LOUISVILLE, Tenn. When a big storm hits, Peninsula Hospital could be underwater.
At this decades-old psych… [+18236 chars]",,en,'flooding'
https://abcnews.go.com/US/wireStory/tropical-storm-priscilla-drench-southwest-us-raising-deadly-126382117,https://abcnews.go.com/US/wireStory/tropical-storm-priscilla-drench-southwest-us-raising-deadly-126382117,0,abcnews.go.com,"Tropical Storm Priscilla to drench Southwest US, raising deadly flash flood risk",Flash flooding is a growing risk in the southwestern U.S. through this weekend,https://i.abcnewsfe.com/a/6ebda5cd-3762-49a5-a45e-65ff7a3533c8/wirestory_941fb0e978a28e41703122925bced707_16x9.jpg?w=1600,2025-10-09T22:55:48Z,,"FORT COLLINS, Colo. -- FORT COLLINS, Colo. (AP) A region more accustomed to baking heat than soggy weather is about to get soaked, raising the risk of flash floods that can surprise and kill in minut… [+5264 chars]",,en,'flooding'
https://www.surfer.com/news/hurricane-priscilla-big-waves-mexico-video,https://www.surfer.com/news/hurricane-priscilla-big-waves-mexico-video,0,www.surfer.com,Huge Hurricane Waves Flood Hotel in Mexico (Video),Hurricane Priscilla struck Mexico with life-threatening surf; footage from a hotel in Puerto Vallarta shows waves pummeling the coastline.,https://media.zenfs.com/en/surfer_magazine_140/dbd16f8bd5d2c3d4e41ee6178f790afa,2025-10-11T14:51:01Z,,"Earlier this week, Hurricane Priscilla spun off the shores of Mexico, churning up wind and waves, and sending that energy towards certain coastlines.
By Tuesday, the storm neared major hurricane sta… [+2198 chars]",,en,'hurricane'
https://www.bostonherald.com/2025/10/12/new-jersey-declares-emergency-as-noreaster-approaches-while-alaska-flooding-carries-away-homes/,https://www.bostonherald.com/2025/10/12/new-jersey-declares-emergency-as-noreaster-approaches-while-alaska-flooding-carries-away-homes/,0,www.bostonherald.com,"New Jersey declares emergency as nor’easter approaches, while Alaska flooding carries away homes","A nor’easter churned its way up the East Coast on Sunday, with New Jersey declaring a state of emergency and some airports posting delays and cancellations in advance of anticipated coastal flooding, and strong winds, as another storm system struck farther so…",https://www.bostonherald.com/wp-content/uploads/2025/10/APTOPIX_Tropical_Weather_47838-1.jpg?w=1024&h=683,2025-10-12T14:23:15Z,,"By KATHY McCORMACK
A nor’easter churned its way up the East Coast on Sunday, washing out roads and prompting air travel delays as heavily populated areas of the Northeast experienced excessive rain,… [+4852 chars]",,en,'flooding'
https://www.aljazeera.com/news/2025/10/12/death-toll-from-mexico-flooding-rises-to-44-dozens-more-missing,https://www.aljazeera.com/news/2025/10/12/death-toll-from-mexico-flooding-rises-to-44-dozens-more-missing,0,www.aljazeera.com,"Death toll from Mexico flooding rises to 44, dozens more missing","Two tropical storms have damaged more than 16,000 homes and caused widespread electricity cuts.",https://www.aljazeera.com/wp-content/uploads/2025/10/AFP__20251011__78GL3KG__v1__HighRes__MexicoWeatherClimateFlood-1760292731.jpg?resize=1920%2C1440,2025-10-12T19:18:26Z,,"Torrential flooding has continued to sweep parts of central and southeastern Mexico, raising the death toll to at least 44 people in less than a week.
Heavy downpours caused by two tropical storms h… [+1608 chars]",,en,'hurricane death'
https://economictimes.indiatimes.com/news/international/world-news/mexicos-president-convenes-governors-as-death-toll-from-torrential-rains-rises-to-44/articleshow/124514937.cms,https://economictimes.indiatimes.com/news/international/world-news/mexicos-president-convenes-governors-as-death-toll-from-torrential-rains-rises-to-44/articleshow/124514937.cms,0,economictimes.indiatimes.com,Mexico's president convenes governors as death toll from torrential rains rises to 44,Torrential rains have claimed 44 lives across Mexico. Flooding and landslides have devastated several states. President Claudia Sheinbaum is coordinating an emergency response. Rescue operations are underway in affected areas. Many residents face water and el…,"https://img.etimg.com/thumb/msid-124514939,width-1200,height-630,imgsize-226986,overlay-economictimes/articleshow.jpg",2025-10-13T00:57:21Z,,"The death toll from Mexico's torrential rains rose to 44 on Sunday as the fallout mounted from flooding and landslides across the country, prompting President Claudia Sheinbaum to convene governors f… [+1759 chars]",,en,'hurricane death'
https://www.huffpost.com/entry/ap-us-tropical-weather_n_68ec7b61e4b04c87b806c3e2,https://www.huffpost.com/entry/ap-us-tropical-weather_n_68ec7b61e4b04c87b806c3e2,0,www.huffpost.com,Powerful Nor'easter Batters East Coast With Severe Wind And Rain,A nor'easter is churning up the East Coast as Alaska grapples with catastrophic flooding.,https://img.huffingtonpost.com/asset/68ec7fa216000017a148390c.jpeg?ops=1200_630,2025-10-13T04:28:36Z,,"A noreaster churned its way up the East Coast on Sunday, washing out roads and prompting air travel delays as heavily populated areas of the Northeast experienced excessive rain, lashing winds and co… [+6661 chars]",,en,'flooding'
https://weather.com/news/weather/video/typhoon-halong-remnants-slam-western-alaska,https://weather.com/news/weather/video/typhoon-halong-remnants-slam-western-alaska,0,weather.com,Dozens Rescued As Typhoon Remnants Slam Alaska Coast,"Powerful hurricane-force winds, storm surge and severe flooding battered small villages all along Alaska’s western coast over the weekend. Multiple people...",https://s.yimg.com/ny/api/res/1.2/NbDVpK4k.Xl6.PoxWW.iww--/YXBwaWQ9aGlnaGxhbmRlcjt3PTEyMDA7aD02NzU7Y2Y9d2VicA--/https://media.zenfs.com/en/the_weather_channel_videos_110/56ab4ea29aa881d40cd7a1d6e067667d,2025-10-13T12:11:18Z,,"Powerful hurricane-force winds, storm surge and severe flooding battered small villages all along Alaskas western coast over the weekend. Multiple people were unaccounted for in the remote region as … [+117 chars]",,en,'hurricane'
https://kotaku.com/the-ecoflow-power-station-sells-out-every-hurricane-season-and-its-now-going-for-pennies-2000634598,https://kotaku.com/the-ecoflow-power-station-sells-out-every-hurricane-season-and-its-now-going-for-pennies-2000634598,0,kotaku.com,"The EcoFlow Power Station Sells Out Every Hurricane Season, And It’s Now Going for Pennies","This portable power station can save you anytime during a natural disaster.
The post The EcoFlow Power Station Sells Out Every Hurricane Season, And It’s Now Going for Pennies appeared first on Kotaku.",https://kotaku.com/app/uploads/2025/10/ecoflowdelta2-1200x675.jpg,2025-10-13T13:38:36Z,,"Power outages during hurricane season, winter storms knocking out electricity for days or those rolling blackouts during summer heatwaves these aren’t rare anymore, they’re becoming the new normal. H… [+3792 chars]",,en,'hurricane season'
https://www.pbs.org/newshour/nation/dozens-rescued-as-remnants-of-typhoon-hits-alaska-while-noreaster-brings-flooding-to-east-coast,https://www.pbs.org/newshour/nation/dozens-rescued-as-remnants-of-typhoon-hits-alaska-while-noreaster-brings-flooding-to-east-coast,0,www.pbs.org,Dozens rescued as remnants of typhoon hits Alaska while nor’easter brings flooding to East Coast,"Alaska State Troopers say at least 18 people were rescued in Kwigillingok, where three people remain missing.",https://d3i6fh83elv35t.cloudfront.net/static/2025/10/2025-03-14T163502Z_982370977_RC23DDAPDTL4_RTRMADP_3_CERAWEEK-ENERGY-DUNLEAVY-1024x683.jpg,2025-10-13T18:09:37Z,,More than 30 people were rescued and three people remain unaccounted for in western Alaska after the remnants of Typhoon Halong brought hurricane-force winds and flooding strong enough to sweep away … [+4167 chars],,en,'typhoon'
https://www.aljazeera.com/news/2025/10/13/mexico-flooding-death-toll-rises-to-64-with-dozens-still-missing,https://www.aljazeera.com/news/2025/10/13/mexico-flooding-death-toll-rises-to-64-with-dozens-still-missing,0,www.aljazeera.com,"Mexico flooding death toll rises to 64, with dozens still missing",The majority of the deaths have occurred in the states of Veracruz and Hidalgo.,https://www.aljazeera.com/wp-content/uploads/2025/10/2025-10-13T171932Z_1332117524_RC2YAHA5XE23_RTRMADP_3_MEXICO-FLOODS-1760387239.jpg?resize=1200%2C630,2025-10-13T21:47:55Z,,"At least 64 people have died in Mexico after heavy rains and flooding hit five states last week.
The National Civil Protection Coordination (CNPC) chief, Laura Velazquez Alzua, speaking during Presi… [+1670 chars]",,en,'flooding'
https://www.abc.net.au/news/2025-10-14/dozens-dead-after-torrential-rains-lash-mexico/105889300,https://www.abc.net.au/news/2025-10-14/dozens-dead-after-torrential-rains-lash-mexico/105889300,0,www.abc.net.au,Almost 130 people dead or missing in Mexico floods,"The death toll from flooding in Mexico's central region has risen to 64, with another 65 people missing, according to the Mexican government.",https://live-production.wcms.abc-cdn.net.au/1fafe00dd4106d92af389e3c9bac583f?impolicy=wcms_watermark_news&cropH=2561&cropW=4552&xPos=0&yPos=345&width=862&height=485&imformat=generic,2025-10-14T03:22:44Z,,"The death toll from flooding in Mexico's central region has risen to 64, with another 65 people missing, according to the Mexican government.
Torrential rains lashed parts of the country's Gulf Coas… [+3754 chars]",,en,'flooding'
https://www.aljazeera.com/gallery/2025/10/14/death-toll-from-devastating-mexico-flooding-rises,https://www.aljazeera.com/gallery/2025/10/14/death-toll-from-devastating-mexico-flooding-rises,0,www.aljazeera.com,Death toll from devastating Mexico flooding rises,The death toll from last week’s torrential rains in Mexico has risen to 64 as authorities expand the search.,https://www.aljazeera.com/wp-content/uploads/2025/10/AP25285847510440-1760419775.jpg?resize=1920%2C1440,2025-10-14T06:25:25Z,,"Torrential rain battered several Mexican states over several days last week, turning streets into rivers, sweeping away roads and bridges and triggering landslides.
Rescuers scrambled on Monday to r… [+1477 chars]",,en,'flooding'
https://www.cbsnews.com/news/alaska-flooding-1-dead-2-missing-typhoon-halong-absolute-devastation/,https://www.cbsnews.com/news/alaska-flooding-1-dead-2-missing-typhoon-halong-absolute-devastation/,0,www.cbsnews.com,"1 dead, 2 missing after severe Alaska flooding; ""absolute devastation""",One person was dead and two missing in western Alaska after the remnants of Typhoon Halong brought hurricane-force winds and ravaging storm surges and floodwaters to the region.,https://assets1.cbsnewsstatic.com/hub/i/r/2025/10/13/7194643b-1c80-4562-9d08-30eb3a7ac334/thumbnail/1200x630/fc64b9070e2eb9c34062df04768acc10/ap25279766604150.jpg,2025-10-14T09:16:38Z,,One person was dead and two were missing in western Alaska on Monday after the remnants of Typhoon Halong brought hurricane-force winds and ravaging storm surges and floodwaters over the weekend that… [+4022 chars],,en,'flooding'
https://theconversation.com/typhoon-leaves-flooded-alaska-villages-facing-a-storm-recovery-far-tougher-than-most-americans-will-ever-experience-267423,https://theconversation.com/typhoon-leaves-flooded-alaska-villages-facing-a-storm-recovery-far-tougher-than-most-americans-will-ever-experience-267423,0,theconversation.com,Typhoon leaves flooded Alaska villages facing a storm recovery far tougher than most Americans will ever experience,"‘As the storm approached Alaska, everything went sideways,’ leaving people no time to evacuate and little time to prepare. An Alaska meteorologist explains what happened and the challenges ahead.",https://images.theconversation.com/files/696185/original/file-20251014-66-8yvl8d.png?ixlib=rb-4.1.0&rect=0%2C169%2C2078%2C1039&q=45&auto=format&w=1356&h=668&fit=crop,2025-10-14T16:11:59Z,,"A Coast Guard helicopter flies over flooded homes in Kipnuk, Alaska, on Oct. 12, 2025. U.S. Coast Guard
Remnants of a powerful typhoon swept into Western Alaska’s Yukon-Kuskokwim Delta on Oct. 12, 2… [+5759 chars]",,en,'typhoon sea surface temperature'
https://www.pbs.org/newshour/world/death-toll-from-flooding-in-mexico-rises-above-60-as-search-expands,https://www.pbs.org/newshour/world/death-toll-from-flooding-in-mexico-rises-above-60-as-search-expands,0,www.pbs.org,Death toll from flooding in Mexico rises above 60 as search expands,"Authorities say some 100,000 homes across the region have been damaged by the torrential rains and flooding.",https://d3i6fh83elv35t.cloudfront.net/static/2025/10/2025-10-12T062305Z_1558418783_RC2P9HA30LHQ_RTRMADP_3_MEXICO-FLOODS-1024x684.jpg,2025-10-14T20:35:55Z,,"POZA RICA, Mexico (AP) Fifteen minutes before water from a flooded stream swept into her home, Lilia Ramírez took off running with what little she could carry. When she returned she found not only da… [+3046 chars]",,en,'hurricane death'
https://www.androidauthority.com/best-hurricane-weather-app-android-3606565/,https://www.androidauthority.com/best-hurricane-weather-app-android-3606565/,0,www.androidauthority.com,This Android weather app is a must-have during the hurricane season,"When tracking erratic tropical weather systems, you need an app that uses reliable data. This is the best hurricane weather app on Android.",https://www.androidauthority.com/wp-content/uploads/2025/10/tropical-hurricane-tracker-android-app-3.jpg,2025-10-15T10:00:31Z,,"Your favorite Android weather app probably meets your daily needs. It shows high and low temperatures, forecasts days in advance, and might even have cute widgets you can move around your home screen… [+5774 chars]",,en,'hurricane'
https://www.news-journalonline.com/story/weather/hurricane/2025/10/15/national-hurricane-center-tropical-storm-lorenzo-path-melissa-form/86691446007/,https://www.news-journalonline.com/story/weather/hurricane/2025/10/15/national-hurricane-center-tropical-storm-lorenzo-path-melissa-form/86691446007/,0,www.news-journalonline.com,"National Hurricane Center tracking Tropical Storm Lorenzo, 3 tropical waves. What's next?",AccuWeather forecasters are warning another tropical storm could develop next week.,https://media.zenfs.com/en/palm_beach_post_natl_articles_437/830fe97fdcc6a5e1fccfcb5b3759b4cb,2025-10-15T11:09:15Z,,"Tropical Storm Lorenzo may not be around much longer, according to the National Hurricane Center.
Forecasters are predicting the tropical storm will dissipate by Thursday, Oct. 16.
The National Hur… [+8082 chars]",,en,'hurricane'
https://www.dw.com/en/japanese-fear-for-future-as-summers-grow-longer-hotter/a-74384753,https://www.dw.com/en/japanese-fear-for-future-as-summers-grow-longer-hotter/a-74384753,0,www.dw.com,"Japanese fear for future as summers grow longer, hotter","Heat lingers on in Japan after its hottest summer on record, with many voices warning of its impact on agriculture, fishing, public health and even extreme weather events such as typhoons. Japan has experienced record-breaking weather events over the course o…",https://static.dw.com/image/73505591_6.jpg,2025-10-16T15:04:00Z,,"Japan has experienced record-breaking weather events over the course of 2025, with experts raising alarm over their potential impact.
The summer of 2025 was the hottest ever recorded in Japan, with … [+5776 chars]",,en,'typhoon'
https://www.npr.org/2025/10/17/nx-s1-5577974/typhoon-halong-western-alaska-villages-damaged-yukon-kuskokwim-delta,https://www.npr.org/2025/10/17/nx-s1-5577974/typhoon-halong-western-alaska-villages-damaged-yukon-kuskokwim-delta,0,www.npr.org,What we know about the devastating storm in Western Alaska,"The remnant of Typhoon Halong slammed the Yukon-Kuskokwim Delta, an area in Western Alaska hundreds of miles from the U.S. road system. More than a thousand people are displaced.",https://npr.brightspotcdn.com/dims3/default/strip/false/crop/3000x1688+0+269/resize/1400/quality/100/format/jpeg/?url=http%3A%2F%2Fnpr-brightspot.s3.amazonaws.com%2F79%2Fac%2F729d8474474db618d524958618bb%2F1.jpg,2025-10-17T20:02:03Z,,"In the late night hours of Oct. 11, the remnant of Typhoon Halong slammed Alaska's southwest coast, bringing hurricane-force winds and record flooding to numerous Alaska Native villages on the coast.… [+4987 chars]",,en,'hurricane climate change'
https://www.aljazeera.com/news/2025/10/18/thousands-evacuate-philippine-coast-as-tropical-storm-fengshen-approaches,https://www.aljazeera.com/news/2025/10/18/thousands-evacuate-philippine-coast-as-tropical-storm-fengshen-approaches,0,www.aljazeera.com,Thousands evacuate Philippine coast as Tropical Storm Fengshen approaches,"The country is hit by some 20 storms and typhoons a year, striking disaster-prone areas where millions live in poverty.",https://www.aljazeera.com/wp-content/uploads/2025/09/AFP__20250923__76FA9WK__v1__HighRes__PhilippinesWeatherTyphoonClimateRagasa-1758608788.jpg?resize=1920%2C1440,2025-10-18T06:05:43Z,,"Thousands of residents of a Philippine island have fled their homes along the Pacific coast as weather experts warned of coastal flooding ahead of the approach of Tropical Storm Fengshen, rescue offi… [+1864 chars]",,en,'typhoon'
https://alaskabeacon.com/2025/10/17/typhoon-disaster-in-western-alaska-raises-questions-around-the-regions-future/,https://alaskabeacon.com/2025/10/17/typhoon-disaster-in-western-alaska-raises-questions-around-the-regions-future/,0,alaskabeacon.com,Trump Cuts and Climate Change Compound Worry in Alaska After Typhoon Disaster,"“Storms are going to get worse, and it’s not going to be livable,” said a tribal leader from the village of Akiak.",https://truthout.org/app/uploads/2025/10/9364435-2048x1536-1.jpg,2025-10-18T16:29:42Z,,"Truthout is a vital news source and a living history of political struggle. If you think our work is valuable, support us with a donation of any size.
After the latest catastrophic storm hit Western… [+12783 chars]",,en,'typhoon'
https://www.pbs.org/newshour/nation/why-recovery-will-be-tough-for-alaskas-villages-flooded-by-an-unusually-powerful-storm,https://www.pbs.org/newshour/nation/why-recovery-will-be-tough-for-alaskas-villages-flooded-by-an-unusually-powerful-storm,0,www.pbs.org,Why recovery will be tough for Alaska’s villages flooded by an unusually powerful storm,"Typhoon Halong was an unusual storm, likely fueled by the Pacific’s near-record warm surface temperatures this fall. Its timing means recovery will be even more difficult than usual for these hard-hit communities, as Alaska meteorologist Rick Thoman of the Un…",https://d3i6fh83elv35t.cloudfront.net/static/2025/10/GettyImages-2240882786-1024x768.jpg,2025-10-18T17:53:02Z,,"This article originally appeared on The Conversation.
Remnants of a powerful typhoon swept into Western Alaskas Yukon-Kuskokwim Delta on Oct. 12, 2025, producing a storm surge that flooded villages … [+6173 chars]",,en,'typhoon'
https://consent.yahoo.com/v2/collectConsent?sessionId=1_cc-session_9050d642-6c94-4c80-a6dc-e214c6e15637,https://consent.yahoo.com/v2/collectConsent?sessionId=1_cc-session_9050d642-6c94-4c80-a6dc-e214c6e15637,0,consent.yahoo.com,Hurricane center in Florida tracks Invest 98L. See spaghetti models. Next storm is Melissa,,,2025-10-19T16:50:33Z,,"If you click 'Accept all', we and our partners, including 237 who are part of the IAB Transparency &amp; Consent Framework, will also store and/or access information on a device (in other words, use … [+714 chars]",,en,'hurricane'
https://android.gadgethacks.com/news/best-android-hurricane-apps-that-could-save-your-life/,https://android.gadgethacks.com/news/best-android-hurricane-apps-that-could-save-your-life/,0,android.gadgethacks.com,Best Android Hurricane Apps That Could Save Your Life,Hurricane season brings a familiar anxiety to millions of Android users across storm-prone regions. Your phone's built-in weather app might say rain is coming. Fine for a picnic. Not so helpful when a Category 3 hurricane is bearing down on your neighborhood.…,https://assets.content.technologyadvice.com/photo_1626767844241_dc29260a8ed6_734fb4ba0c.webp,2025-10-20T14:01:00Z,,Hurricane season brings a familiar anxiety to millions of Android users across storm-prone regions. Your phone's built-in weather app might say rain is coming. Fine for a picnic. Not so helpful when … [+6889 chars],,en,'hurricane season'
https://shop.uncrate.com/products/hurricane-lantern,https://shop.uncrate.com/products/hurricane-lantern,0,shop.uncrate.com,Barebones Hurricane Lantern,Barebones reimagines the classic hurricane lantern with this modern steel and glass rendition.,http://shop.uncrate.com/cdn/shop/files/LIV-158_HurricaneLantern_OW_V1H1.jpg?v=1760969783,2025-10-20T23:00:01Z,,"Editor’s Note
Hurricane lamps have a history that dates back over a century. Designed to protect open flames from wind, their nostalgic design gets a modern makeover with this option from Barebones.… [+315 chars]",,en,'hurricane'
https://www.yahoo.com/news/articles/caribbean-bracing-future-hurricane-tropical-141705757.html,https://www.yahoo.com/news/articles/caribbean-bracing-future-hurricane-tropical-141705757.html,0,www.yahoo.com,Caribbean bracing for future hurricane as Tropical Storm Melissa forms,"A tropical rainstorm has strengthened to Tropical Storm Melissa, which will pose a significant risk to lives and property in the Caribbean and may bring...",https://media.zenfs.com/en/accuweather_articles_339/6c201c7ef200bcec26cb77cd6001a7d1,2025-10-21T14:17:05Z,,"Caribbean bracing for future hurricane as Tropical Storm Melissa forms
The Caribbean is on high alert for what is expected to evolve into a slow-moving hurricane that will unleash feet of rain and d… [+5126 chars]",,en,'hurricane'
https://rollingout.com/2025/10/21/tropical-storm-melissa-forms-as-weekend/,https://rollingout.com/2025/10/21/tropical-storm-melissa-forms-as-weekend/,0,rollingout.com,Tropical Storm Melissa strengthens as mudslide fears mount,"The Atlantic hurricane season refuses to fade quietly into the record books. Tropical Storm Melissa emerged Tuesday in the Caribbean Sea, marking the first storm to develop in these waters this year and threatening to unleash devastation across the northern C…",https://rollingout.com/wp-content/uploads/2025/08/shutterstock_712360393-scaled.jpg,2025-10-21T15:40:04Z,,"The Atlantic hurricane season refuses to fade quietly into the record books. Tropical Storm Melissa emerged Tuesday in the Caribbean Sea, marking the first storm to develop in these waters this year … [+4998 chars]",,en,'hurricane'
https://www.naplesnews.com/story/weather/hurricanes/2025/10/22/hurricane-center-tropical-storm-melissa-track-path-intensity-florida/86819295007/,https://www.naplesnews.com/story/weather/hurricanes/2025/10/22/hurricane-center-tropical-storm-melissa-track-path-intensity-florida/86819295007/,0,www.naplesnews.com,Tropical Storm Melissa expected to strengthen into hurricane. See what Florida can expect,The National Hurricane Center said uncertainty continues on where Tropical Storm Melissa will go and how strong it could get.,https://media.zenfs.com/en/naples-daily-news/cbdb165f18dae553f99a2a3a71e4c5c9,2025-10-22T10:33:08Z,,"While portions of the Caribbean brace for impacts from Tropical Storm Melissa, Florida residents should keep a wary eye on the storm.
""There is significant uncertainty in the track and intensity for… [+8301 chars]",,en,'hurricane'
https://www.accuweather.com/en/hurricane/tropical-storm-melissa-to-become-a-hurricane-in-caribbean-pose-major-flooding-danger/1827281,https://www.accuweather.com/en/hurricane/tropical-storm-melissa-to-become-a-hurricane-in-caribbean-pose-major-flooding-danger/1827281,0,www.accuweather.com,STORM MELISSA FORMS IN CARIBBEAN...,The Caribbean is on high alert for what is expected to evolve into a slow-moving hurricane that will unleash feet of rain and destructive winds on a region that has largely avoided any tropical activity so far this Atlantic hurricane season. AccuWeather meteo…,https://cms.accuweather.com/wp-content/uploads/2025/10/page_302a33.jpg?w=768,2025-10-22T18:00:03Z,,"As Tropical Storm Melissa crawls through the Caribbean, it will strengthen to a hurricane and unleash torrential rain that may trigger major to extreme flooding and mudslides, endangering lives and p… [+6527 chars]",,en,'hurricane season'
https://www.aljazeera.com/news/2025/10/23/tropical-storm-melissa-takes-aim-at-caribbean-islands-on-alert,https://www.aljazeera.com/news/2025/10/23/tropical-storm-melissa-takes-aim-at-caribbean-islands-on-alert,0,www.aljazeera.com,"Tropical Storm Melissa takes aim at Caribbean, islands on alert",The storm could grow into a hurricane by Friday and a major one by the late weekend.,https://www.aljazeera.com/wp-content/uploads/2025/10/ap-ca330aac35324b4d8f87f65f442a6778-1761198750.jpg?resize=1920%2C1440,2025-10-23T06:29:43Z,,"Tropical Storm Melissa is threatening the Caribbean Sea islands with dangerous landslides and life-threatening flooding, as officials urge residents of flood-prone areas to seek higher ground and she… [+1604 chars]",,en,'hurricane'
https://www.yahoo.com/news/articles/philippine-victims-2021-typhoon-seek-085354489.html,https://www.yahoo.com/news/articles/philippine-victims-2021-typhoon-seek-085354489.html,0,www.yahoo.com,Philippine victims of 2021 typhoon seek compensation from Shell,Philippine victims of a 2021 typhoon are seeking compensation from energy giant Shell for deaths and damage that they say were intensified by climate change ...,https://s.yimg.com/ny/api/res/1.2/QeAnA4q9TeEZrCPLQ_eW2Q--/YXBwaWQ9aGlnaGxhbmRlcjt3PTEyMDA7aD04MDA7Y2Y9d2VicA--/https://media.zenfs.com/en/ap.org/1a7e334efb5cf6b5d5bf97bdf2aad277,2025-10-23T08:53:54Z,,BANGKOK (AP) Philippine victims of a 2021 typhoon are seeking compensation from energy giant Shell for deaths and damage that they say were intensified by climate change partly resulting from the oil… [+3658 chars],,en,'typhoon climate change'
https://financialpost.com/pmn/philippine-victims-of-2021-typhoon-seek-compensation-from-shell,https://financialpost.com/pmn/philippine-victims-of-2021-typhoon-seek-compensation-from-shell,0,financialpost.com,Philippine victims of 2021 typhoon seek compensation from Shell,BANGKOK (AP) — Philippine victims of a 2021 typhoon are seeking compensation from energy giant Shell for deaths and damage that they say were intensified by climate change partly resulting from the oil and gas company’s carbon emissions. Shell says it is not …,,2025-10-23T09:00:00Z,,BANGKOK (AP) Philippine victims of a 2021 typhoon are seeking compensation from energy giant Shell for deaths and damage that they say were intensified by climate change partly resulting from the oil… [+5865 chars],,en,'typhoon climate change'
https://abcnews.go.com/International/wireStory/tropical-storm-melissa-lumbers-caribbean-islands-cover-rain-126783391,https://abcnews.go.com/International/wireStory/tropical-storm-melissa-lumbers-caribbean-islands-cover-rain-126783391,0,abcnews.go.com,Tropical Storm Melissa lumbers through the Caribbean as islands take cover from rain,Tropical Storm Melissa is lumbering through the Caribbean Sea and bringing a risk of dangerous landslides and life-threatening flooding to Jamaica and southern Hispaniola,https://i.abcnewsfe.com/a/c07766b2-4ab8-422a-9408-76fdcf98b64e/wirestory_f7babba822aed380e634334f2701fc5a_16x9.jpg?w=1600,2025-10-23T09:25:41Z,,"SAN JUAN, Puerto Rico -- SAN JUAN, Puerto Rico (AP) Tropical Storm Melissa lumbered through the Caribbean Sea on Thursday, bringing a risk of dangerous landslides and life-threatening flooding to Jam… [+2464 chars]",,en,'flooding'
https://abcnews.go.com/Business/wireStory/philippine-victims-2021-typhoon-seek-compensation-shell-126785793,https://abcnews.go.com/Business/wireStory/philippine-victims-2021-typhoon-seek-compensation-shell-126785793,0,abcnews.go.com,Philippine victims of 2021 typhoon seek compensation from Shell,Philippine victims of a 2021 typhoon are seeking compensation from energy giant Shell for damage that they say was intensified by climate change worsened by the oil and gas company's carbon emissions,https://i.abcnewsfe.com/a/17450ebe-c800-43fb-9936-3ee0d703768b/wirestory_c68a15e089acb6649f2cc912d1b57f6a_16x9.jpg?w=1600,2025-10-23T09:25:58Z,,BANGKOK -- BANGKOK (AP) Philippine victims of a 2021 typhoon are seeking compensation from energy giant Shell for deaths and damage that they say were intensified by climate change partly resulting f… [+3672 chars],,en,'typhoon climate change'
https://weather.com/news/weather/news/2025-10-22-otd-coldest-hurricane-patricia-most-intense-epac-2015,https://weather.com/news/weather/news/2025-10-22-otd-coldest-hurricane-patricia-most-intense-epac-2015,0,weather.com,On Today's Date: Hurricane Patricia Smashed Global Wind Record,An Eastern Pacific hurricane set a global and hemispheric record 10 years ago. But its impact in Mexico was refreshingly strange in one aspect.,https://s.yimg.com/ny/api/res/1.2/1E1dZdLjnTfjBTULBZAr9g--/YXBwaWQ9aGlnaGxhbmRlcjt3PTEyMDA7aD02NzU7Y2Y9d2VicA--/https://media.zenfs.com/en/the_weather_channel_articles_180/95130a82b7be6d66ca28d8f71100fc52,2025-10-23T10:00:00Z,,"While most attention is usually paid to Atlantic Basin hurricanes, an Eastern Pacific hurricane set a global and hemispheric record 10 years ago, but then had little impact at landfall.
On Oct. 23, … [+1519 chars]",,en,'hurricane'
https://www.independent.ie/world-news/asia-pacific/philippine-victims-of-2021-typhoon-seek-compensation-from-shell/a1990688539.html,https://www.independent.ie/world-news/asia-pacific/philippine-victims-of-2021-typhoon-seek-compensation-from-shell/a1990688539.html,0,www.independent.ie,Philippine victims of 2021 typhoon seek compensation from Shell,Philippine victims of a 2021 typhoon are seeking compensation from energy giant Shell for deaths and damage that they say were intensified by climate change partly resulting from the oil and gas company’s carbon emissions.,https://focus.independent.ie/thumbor/N-u1-RilekjSQ40unOpZsbyi_ZM=/0x0:3872x2581/629x0/prod-mh-ireland/20f93585-10b5-401f-98cd-d60dca8ba624/c6ac7c64-f77a-4669-915c-885a2a82423c/20f93585-10b5-401f-98cd-d60dca8ba624.jpg,2025-10-23T10:05:24Z,,Philippine victims of a 2021 typhoon are seeking compensation from energy giant Shell for deaths and damage that they say were intensified by climate change partly resulting from the oil and gas comp… [+3367 chars],,en,'typhoon'
https://www.cbc.ca/news/world/hurricane-melissa-caribbean-9.6949916,https://www.cbc.ca/news/world/hurricane-melissa-caribbean-9.6949916,0,www.cbc.ca,Tropical Storm Melissa a 'recipe for disaster' as it lumbers through Caribbean,"Tropical Storm Melissa lumbered through the Caribbean Sea on Thursday, bringing a risk of dangerous landslides and life-threatening flooding to Jamaica and southern Hispaniola — an island shared by the Dominican Republic and Haiti.","https://i.cbc.ca/ais/b560d5df-97ad-4dae-a3b5-9e4fae41c944,1761225812087/full/max/0/default.jpg?im=Crop%2Crect%3D%280%2C0%2C2786%2C1567%29%3BResize%3D620",2025-10-23T14:19:03Z,,"Tropical Storm Melissa lumbered through the Caribbean Sea on Thursday, bringing a risk of dangerous landslides and life-threatening flooding to Jamaica and southern Hispaniola an island shared by the… [+4955 chars]",,en,'flooding'
https://abcnews.go.com/International/wireStory/tropical-storm-melissa-trudges-caribbean-forecasters-warn-quickly-126823399,https://abcnews.go.com/International/wireStory/tropical-storm-melissa-trudges-caribbean-forecasters-warn-quickly-126823399,0,abcnews.go.com,Tropical Storm Melissa trudges through Caribbean as forecasters warn it will quickly intensify,"Tropical Storm Melissa is plodding through the central Caribbean, with forecasters warning it could soon strengthen and brush past Jamaica as a powerful hurricane",https://i.abcnewsfe.com/a/dcc30c22-40b8-4b0e-8cd7-c9b45d43aaf2/wirestory_5532dedc71d40c74a88679ee899ffc5d_16x9.jpg?w=1600,2025-10-24T05:49:51Z,,"SAN JUAN, Puerto Rico -- SAN JUAN, Puerto Rico (AP) Tropical Storm Melissa plodded through the central Caribbean early Friday, with forecasters warning it could soon strengthen and brush past Jamaica… [+3312 chars]",,en,'hurricane'
https://www.aljazeera.com/news/2025/10/24/tropical-storm-melissa-threatens-caribbean-kills-one-in-haiti,https://www.aljazeera.com/news/2025/10/24/tropical-storm-melissa-threatens-caribbean-kills-one-in-haiti,0,www.aljazeera.com,"Tropical Storm Melissa threatens Caribbean, kills one in Haiti",The storm is expected to strengthen into a major hurricane by the end of the weekend.,https://www.aljazeera.com/wp-content/uploads/2025/10/reuters_68fb1828-1761286185.jpg?resize=1920%2C1440,2025-10-24T06:54:56Z,,"Tropical Storm Melissa has been pushing through the central Caribbean, with forecasters warning it could soon strengthen and brush past Jamaica as a powerful hurricane while unleashing potentially ca… [+2458 chars]",,en,'hurricane'
https://www.yahoo.com/news/articles/officials-issue-warning-unexpected-threat-072500328.html,https://www.yahoo.com/news/articles/officials-issue-warning-unexpected-threat-072500328.html,0,www.yahoo.com,Officials issue warning about unexpected threat lingering from Hurricane Helene: 'It will be a continuing issue for the next several years',"""Access is a major issue.""",https://s.yimg.com/ny/api/res/1.2/LsyLc.WJ2zi4QwkXfJZUfA--/YXBwaWQ9aGlnaGxhbmRlcjt3PTEyMDA7aD02NzU7Y2Y9d2VicA--/https://media.zenfs.com/en/the_cool_down_737/cdb23a0943b00b7e079af0825d8d84db,2025-10-24T07:25:00Z,,"A swath of the Southern Appalachians faced elevated fire weather conditions on Thursday, as a combination of weather factors and debris left behind by a catastrophic storm heightened the risk of rapi… [+3323 chars]",,en,'hurricane'
https://nypost.com/2025/10/24/world-news/tropical-storm-melissa-trudges-through-caribbean-as-forecasters-warn-it-will-quickly-intensify/,https://nypost.com/2025/10/24/world-news/tropical-storm-melissa-trudges-through-caribbean-as-forecasters-warn-it-will-quickly-intensify/,0,nypost.com,Tropical Storm Melissa trudges through Caribbean as forecasters warn it will quickly intensify,"Tropical Storm Melissa plodded through the central Caribbean early Friday, with forecasters warning it could soon strengthen and brush past Jamaica as a powerful hurricane while unleashing potentially “catastrophic” flash flooding and landslides in southern H…",https://nypost.com/wp-content/uploads/sites/2/2025/10/Melissa.jpg?quality=75&strip=all&w=1200,2025-10-24T07:34:38Z,,"Tropical Storm Melissa plodded through the central Caribbean early Friday, with forecasters warning it could soon strengthen and brush past Jamaica as a powerful hurricane while unleashing potentiall… [+3658 chars]",,en,'flooding'
https://www.naplesnews.com/story/weather/hurricanes/2025/10/24/tropical-storm-hurricane-melissa-projected-path-rapid-intensification-threat-florida-us/86856281007/,https://www.naplesnews.com/story/weather/hurricanes/2025/10/24/tropical-storm-hurricane-melissa-projected-path-rapid-intensification-threat-florida-us/86856281007/,0,www.naplesnews.com,Will Tropical Storm Melissa become strongest storm of season? See what Florida can expect,"Melissa is expected to bring ""life-threatening and catastrophic flash flooding and landslides"" to Hispaniola and Jamaica through the weekend.",https://media.zenfs.com/en/palm_beach_post_natl_articles_437/b331023c151fd696ef60ddaf0f99297b,2025-10-24T11:12:55Z,,"Tropical Storm Melissa is expected to rapidly intensify and become a Category 4 hurricane with 145-mph winds, according to the National Hurricane Center.
That's quite a difference from the weak trop… [+9689 chars]",,en,'flooding'
https://weather.com/storms/hurricane/news/2025-10-24-tropical-storm-melissa-forecast-hurricane-caribbean-jamaica-haiti,https://weather.com/storms/hurricane/news/2025-10-24-tropical-storm-melissa-forecast-hurricane-caribbean-jamaica-haiti,0,weather.com,"Tropical Storm Melissa A Serious Flood Danger To Jamaica, Haiti; Forecast To Rapidly Intensify To A Hurricane","Melissa may be struggling now, but it is expected to rapidly intensify. It's also going to be a slow mover into early next week. Here's what that means for...",https://s.yimg.com/ny/api/res/1.2/LlbX4kZ4bAOP82SW3ufjkQ--/YXBwaWQ9aGlnaGxhbmRlcjt3PTEyMDA7aD02NzU7Y2Y9d2VicA--/https://media.zenfs.com/en/the_weather_channel_articles_180/0abaca4e850930f42b2dbc0f69050503,2025-10-24T15:00:00Z,,Tropical Storm Melissa is likely to rapidly intensify into a major hurricane. But its forecast sluggish movement may produce life-threatening floods and landslides and days of tropical storm or hurri… [+4922 chars],,en,'tropical cyclone'
https://abcnews.go.com/US/tropical-storm-melissa-strengthen-major-hurricane-latest-forecast/story?id=126827672,https://abcnews.go.com/US/tropical-storm-melissa-strengthen-major-hurricane-latest-forecast/story?id=126827672,0,abcnews.go.com,Melissa to strengthen into major hurricane,"Tropical Storm Melissa is expected to bring catastrophic flash flooding and landslides to parts of the Dominican Republic, Haiti and Jamaica.",https://i.abcnewsfe.com/a/e837582a-4776-4165-b424-824e893600ed/ts-1-ht-gmh-251024_1761309378417_hpMain_16x9.jpg?w=1600,2025-10-24T15:03:08Z,,"Tropical Storm Melissa is expected to intensify into a major hurricane this weekend and bring catastrophic flash flooding and landslides to parts of the Dominican Republic, Haiti and Jamaica.
Heres … [+1019 chars]",,en,'hurricane'
https://www.aljazeera.com/news/2025/10/25/tropical-storm-melissa-soon-a-hurricane-brings-death-floods-to-caribbean,https://www.aljazeera.com/news/2025/10/25/tropical-storm-melissa-soon-a-hurricane-brings-death-floods-to-caribbean,0,www.aljazeera.com,"Tropical Storm Melissa, soon a hurricane, brings death, floods to Caribbean",Jamaica prepares for Melissa's arrival as forecasts predict over 72 hours of hurricane conditions and heavy rainfall.,https://www.aljazeera.com/wp-content/uploads/2025/10/AP25298071082668-1761374873.jpg?resize=1920%2C1440,2025-10-25T07:03:42Z,,"The slow-moving, but punishing, Tropical Storm Melissa that has already killed four people is threatening catastrophic flooding across the northern Caribbean as it strengthens towards Jamaica.
Melis… [+2515 chars]",,en,'hurricane death'
https://www.nbcnews.com/weather/storms/tropical-storm-melissa-hurricane-updates-rcna239732,https://www.nbcnews.com/weather/storms/tropical-storm-melissa-hurricane-updates-rcna239732,0,www.nbcnews.com,"Tropical Storm Melissa, forecast to become major hurricane, barrels toward Jamaica and Cuba","Tropical Storm Melissa is expected to intensify into a hurricane in the Caribbean on Saturday, bringing with it catastrophic flash flooding and potential landslides","https://media-cldnry.s-nbcnews.com/image/upload/t_nbcnews-fp-1200-630,f_auto,q_auto:best/rockcms/2025-10/251025-Tropical-Storm-Melissa-ch-0929-4faa60.jpg",2025-10-25T14:31:31Z,,"Tropical Storm Melissa is expected to intensify into a hurricane in the Caribbean on Saturday, bringing with it catastrophic flash flooding and potential landslides.
The slow-moving storm is already… [+1514 chars]",,en,'flooding'
https://economictimes.indiatimes.com/news/international/us/hurricane-melissa-impact-on-florida-guantanamo-bay-check-latest-forecast-of-category-4-storm-which-may-become-category-5/articleshow/124825662.cms,https://economictimes.indiatimes.com/news/international/us/hurricane-melissa-impact-on-florida-guantanamo-bay-check-latest-forecast-of-category-4-storm-which-may-become-category-5/articleshow/124825662.cms,0,economictimes.indiatimes.com,"Hurricane Melissa impact on Florida, Guantanamo Bay: Check latest forecast of Category 4 storm which may become Category 5","Navy began evacuating hundreds of U.S. citizens and their pets to Florida from the Navy base at Guantánamo Bay on Saturday, days before the possible arrival of a major hurricane in that portion of eastern Cuba","https://img.etimg.com/thumb/msid-124825678,width-1200,height-630,imgsize-265172,overlay-economictimes/articleshow.jpg",2025-10-26T09:54:08Z,,"Melissa is now a Category 4 hurricane and could intensify to a Category 5 as it nears Jamaica, according to the latest forecast update from the weather department. Melissa is the 13th named storm of … [+2209 chars]",,en,'hurricane'
https://www.bbc.com/news/articles/ckgkqvxkzx0o,https://www.bbc.com/news/articles/ckgkqvxkzx0o,0,www.bbc.com,Hurricane Melissa strengthens as it barrels towards Jamaica,"The rare highest-strength storm is set to hit Jamaica by Tuesday, having already caused two deaths in Haiti.",https://ichef.bbci.co.uk/news/1024/branded_news/5495/live/d64d2010-b24d-11f0-8540-d5ae50474cc1.jpg,2025-10-26T10:28:16Z,,"Hurricane Melissa is forecast to become a rare category five storm as it turns towards Jamaica, bringing life-threatening flash flooding and landslides.
The cyclone, which had winds of up to 120 mph… [+2646 chars]",,en,'hurricane death'
https://phys.org/news/2025-10-hurricane-melissa-jamaica.html,https://phys.org/news/2025-10-hurricane-melissa-jamaica.html,0,phys.org,Hurricane Melissa strengthens as it crawls toward Jamaica,"Hurricane Melissa was cutting a deadly path through the Caribbean on Sunday, strengthening into a Category 4 storm as it crawled along a worryingly slow course toward Jamaica and the island of Hispaniola.",https://scx2.b-cdn.net/gfx/news/2025/rammbcira-handout-sate.jpg,2025-10-26T11:30:01Z,,"Hurricane Melissa was cutting a deadly path through the Caribbean on Sunday, strengthening into a Category 4 storm as it crawled along a worryingly slow course toward Jamaica and the island of Hispan… [+3065 chars]",,en,'hurricane'
https://www.huffpost.com/entry/hurricane-melissa-caribbean-haiti-jamaica_n_68fe0d3fe4b0ebfddfba1889,https://www.huffpost.com/entry/hurricane-melissa-caribbean-haiti-jamaica_n_68fe0d3fe4b0ebfddfba1889,0,www.huffpost.com,"Melissa Strengthens Into A Category 4 Hurricane, Threatening Catastrophic Flooding In Jamaica, Haiti","Hurricane Melissa has strengthened into a major Category 4 hurricane, with the possibility of intensifying to a Category 5 storm.",https://img.huffingtonpost.com/asset/68fe0dc91800007f86fe4434.jpeg?ops=1200_630,2025-10-26T12:05:44Z,,"People abandon a car on an impassable street flooded by rains caused by Tropical Storm Melissa in Santo Domingo, Dominican Republic, Friday, Oct. 24, 2025. (AP Photo/Ricardo Hernandez)
KINGSTON, Jam… [+5035 chars]",,en,'hurricane'
https://rollingout.com/2025/10/26/hurricane-melissa-inches-closer/,https://rollingout.com/2025/10/26/hurricane-melissa-inches-closer/,0,rollingout.com,Hurricane Melissa inches closer as islands brace for impact,"Hurricane Melissa has strengthened into a formidable Category 4 storm and could escalate to Category 5 status as it bears down on Jamaica, the National Hurricane Center reported Sunday. The slow-moving tempest threatens to deliver what meteorologists are call…",https://rollingout.com/wp-content/uploads/2025/10/shutterstock_2473082259-scaled.jpg,2025-10-26T13:57:15Z,,"Hurricane Melissa has strengthened into a formidable Category 4 storm and could escalate to Category 5 status as it bears down on Jamaica, the National Hurricane Center reported Sunday. The slow-movi… [+4738 chars]",,en,'hurricane season'
https://allears.net/2025/10/26/two-disney-cruise-ships-reroute-to-avoid-incoming-hurricane/,https://allears.net/2025/10/26/two-disney-cruise-ships-reroute-to-avoid-incoming-hurricane/,0,allears.net,Two Disney Cruise Ships Reroute To Avoid Incoming Hurricane,"Two Disney Cruise Line ships have now changed their routes due to Hurricane Melissa.
The post Two Disney Cruise Ships Reroute To Avoid Incoming Hurricane appeared first on AllEars.Net.",https://allears.net/wp-content/uploads/2024/12/2024-disney-cruise-line-dcl-disney-treasure-oceanview-stateroom-atmo-09-700x526.jpg,2025-10-26T14:58:03Z,,"It’s hurricane season, friends, and that means a lot of things can change on a dime. If there was ever a time to be flexible, it’s now. We love our Sunshine State, but coming with the sunshine are al… [+2177 chars]",,en,'hurricane'
